{
  "claude-opus-4-1-20250805": {
    "team_acc_lift": {
      "lift": 0.005319148936170248,
      "ci_lo": -0.04521763217854802,
      "ci_hi": 0.055855930050888514
    },
    "introspection_score": {
      "mcc": 0.08903390689903269,
      "p": 0.072
    },
    "self_acc_lift": {
      "lift": 0.14911347517730494,
      "p": 0.13717457130628297
    },
    "normed_self_acc_lift": {
      "lift": 0.25601217656012176,
      "ci_lo": -0.08736681887366825,
      "ci_hi": 0.5421613394216134
    },
    "single_point_auc": {
      "auc": 0.17837962718714434,
      "ci_lo": -0.026580852990670395,
      "ci_hi": 0.38334010736495905
    },
    "s_i_capability": {
      "coef": -0.8464312356481479,
      "p": 0.03720849827706309
    }
  },
  "deepseek-chat": {
    "team_acc_lift": {
      "lift": -0.013319672131147542,
      "ci_lo": -0.05766644386530689,
      "ci_hi": 0.031027099603011865
    },
    "introspection_score": {
      "mcc": 0.05305519450320363,
      "p": 0.278
    },
    "self_acc_lift": {
      "lift": 0.08323911814584511,
      "p": 0.24347844895852794
    },
    "normed_self_acc_lift": {
      "lift": 0.10309819709434624,
      "ci_lo": -0.06774024155434973,
      "ci_hi": 0.3166462454052162
    },
    "single_point_auc": {
      "auc": 0.12613302836230844,
      "ci_lo": -0.09884803458048441,
      "ci_hi": 0.3511140913051013
    },
    "full_auc": {
      "auc": 0.5010893246187365,
      "ci_lo": 0.5,
      "ci_hi": 0.5033185840707964
    },
    "calibration_auc": {
      "auc": 0.501269035532995,
      "ci_lo": 0.5,
      "ci_hi": 0.5039167053982748
    },
    "calibration_entropy_auc": {
      "auc": 0.5,
      "ci_lo": 0.5,
      "ci_hi": 0.5
    },
    "s_i_capability": {
      "coef": -0.7618208711241855,
      "p": 0.09792234266645662
    }
  },
  "ft:gpt-4.1-2025-04-14:personal:garupanese-41-f2e:Ca6CxgOU": {
    "team_acc_lift": {
      "lift": -0.07600000000000001,
      "ci_lo": -0.11931768503509854,
      "ci_hi": -0.03268231496490148
    },
    "introspection_score": {
      "mcc": 0.10651166721170553,
      "p": 0.02
    },
    "self_acc_lift": {
      "lift": 0.03342857142857142,
      "p": 0.19981201789656278
    },
    "normed_self_acc_lift": {
      "lift": 0.05206942590120159,
      "ci_lo": -0.02358700489541608,
      "ci_hi": 0.1321762349799733
    },
    "single_point_auc": {
      "auc": 0.2262211430800336,
      "ci_lo": 0.043388363639516786,
      "ci_hi": 0.4090539225205504
    },
    "full_auc": {
      "auc": 0.6004952380952381,
      "ci_lo": 0.5460196880879045,
      "ci_hi": 0.65335251853336
    },
    "calibration_auc": {
      "auc": 0.8000835378269723,
      "ci_lo": 0.7598686512516462,
      "ci_hi": 0.8365012232914172
    },
    "calibration_entropy_auc": {
      "auc": 0.7994587988826817,
      "ci_lo": 0.7576105829992488,
      "ci_hi": 0.8372714374580839
    },
    "s_i_capability": {
      "coef": -0.677513799192933,
      "p": 0.0026381372198329652
    }
  },
  "ft:gpt-4o-mini-2024-07-18:personal:garupanese-4omini-f2e:CbHKqPAh": {
    "team_acc_lift": {
      "lift": -0.421,
      "ci_lo": -0.4446436449981808,
      "ci_hi": -0.3973563550018192
    },
    "introspection_score": {
      "mcc": -0.06746134832354446,
      "p": 0.301
    },
    "self_acc_lift": {
      "lift": -0.0034572025052192062,
      "p": 0.8518049798425066
    },
    "normed_self_acc_lift": {
      "lift": -0.00369359242010599,
      "ci_lo": -0.023767464268508114,
      "ci_hi": 0.020841139839052156
    },
    "single_point_auc": {
      "auc": -0.22757736885525937,
      "ci_lo": -0.585702812645637,
      "ci_hi": 0.13054807493511822
    },
    "full_auc": {
      "auc": 0.6284918978029627,
      "ci_lo": 0.4846305267829823,
      "ci_hi": 0.7544698660714285
    },
    "calibration_auc": {
      "auc": 0.7329059829059829,
      "ci_lo": 0.6462273262171928,
      "ci_hi": 0.8125031894367177
    },
    "calibration_entropy_auc": {
      "auc": 0.732905982905983,
      "ci_lo": 0.6462273262171928,
      "ci_hi": 0.8125031894367177
    },
    "s_i_capability": {
      "coef": 1.3638982666822348,
      "p": 0.06230503799489539
    }
  },
  "gpt-4.1-2025-04-14": {
    "team_acc_lift": {
      "lift": -0.07715430861723449,
      "ci_lo": -0.12049967961226127,
      "ci_hi": -0.03380893762220771
    },
    "introspection_score": {
      "mcc": 0.19790302363014983,
      "p": 0.0
    },
    "self_acc_lift": {
      "lift": 0.03674475387556725,
      "p": 0.11331261219095423
    },
    "normed_self_acc_lift": {
      "lift": 0.058768051871500186,
      "ci_lo": -0.014765694076038867,
      "ci_hi": 0.13230179781903925
    },
    "single_point_auc": {
      "auc": 0.4582845560284552,
      "ci_lo": 0.27702527060142795,
      "ci_hi": 0.6395438414554824
    },
    "full_auc": {
      "auc": 0.6005028735632184,
      "ci_lo": 0.5295368974767215,
      "ci_hi": 0.6729010832107427
    },
    "calibration_auc": {
      "auc": 0.6925990675990675,
      "ci_lo": 0.6415750686793752,
      "ci_hi": 0.7392579074635015
    },
    "calibration_entropy_auc": {
      "auc": 0.6916106401636949,
      "ci_lo": 0.6428931032624906,
      "ci_hi": 0.7408973390221653
    },
    "s_i_capability": {
      "coef": -1.696565787605341,
      "p": 2.522495657141523e-05
    }
  },
  "gpt-4o-mini-2024-07-18": {
    "team_acc_lift": {
      "lift": -0.22874493927125505,
      "ci_lo": -0.26795245248876304,
      "ci_hi": -0.18953742605374707
    },
    "introspection_score": {
      "mcc": 0.14122282948626358,
      "p": 0.0
    },
    "self_acc_lift": {
      "lift": 0.03204203871110864,
      "p": 0.052609452734142206
    },
    "normed_self_acc_lift": {
      "lift": 0.03486512582221953,
      "ci_lo": -0.0023987689336793247,
      "ci_hi": 0.07585541005370827
    },
    "single_point_auc": {
      "auc": 0.5661441513880967,
      "ci_lo": 0.2428829047801409,
      "ci_hi": 0.8894053979960526
    },
    "full_auc": {
      "auc": 0.5923301234233012,
      "ci_lo": 0.5420656574737802,
      "ci_hi": 0.6422207906817542
    },
    "calibration_auc": {
      "auc": 0.7581497797356829,
      "ci_lo": 0.6786913719910665,
      "ci_hi": 0.8318620506192022
    },
    "calibration_entropy_auc": {
      "auc": 0.7581497797356829,
      "ci_lo": 0.6786913719910665,
      "ci_hi": 0.831862050619202
    },
    "s_i_capability": {
      "coef": -1.4540755899031341,
      "p": 0.0014783514974895736
    }
  }
}