{
  "llama-3.1-8b-instruct": {
    "team_acc_lift": {
      "lift": -0.12222222222222223,
      "ci_lo": -0.1667482611158193,
      "ci_hi": -0.08070571892434808
    },
    "introspection_score": {
      "mcc": -0.004438276284227239,
      "p": 0.928
    },
    "self_acc_lift": {
      "lift": -0.0014703425229740663,
      "p": 0.9386943987430267
    },
    "normed_self_acc_lift": {
      "lift": -0.007434316127396963,
      "ci_lo": -0.254540846498268,
      "ci_hi": 0.2206640195995608
    },
    "single_point_auc": {
      "auc": -0.011149474578867613,
      "ci_lo": -0.24310554547939894,
      "ci_hi": 0.22080659632166372
    },
    "full_auc": {
      "auc": 0.5135358777378228,
      "ci_lo": 0.45820717788954357,
      "ci_hi": 0.5685633766777023
    },
    "calibration_auc": {
      "auc": 0.794982725886271,
      "ci_lo": 0.7411690552273662,
      "ci_hi": 0.8449841555922417
    },
    "calibration_entropy_auc": {
      "auc": 0.794297986242958,
      "ci_lo": 0.7402226622708412,
      "ci_hi": 0.8435336516529494
    },
    "s_i_capability": {
      "coef": 0.019779717643971014,
      "p": 0.9348334401865552
    }
  },
  "llama-3.3-70b-instruct": {
    "team_acc_lift": {
      "lift": 0.0022222222222222365,
      "ci_lo": -0.02871938255188855,
      "ci_hi": 0.026354752711009954
    },
    "introspection_score": {
      "mcc": -0.015339593561306326,
      "p": 0.735
    },
    "self_acc_lift": {
      "lift": -0.00021281860925514984,
      "p": 1.0
    },
    "normed_self_acc_lift": {
      "lift": -0.0022271714922050575,
      "ci_lo": -0.2825011653804331,
      "ci_hi": 0.277464132180038
    },
    "single_point_auc": {
      "auc": -0.09917496064498943,
      "ci_lo": -0.4134594263841803,
      "ci_hi": 0.21510950509420146
    },
    "full_auc": {
      "auc": 0.8474387527839644,
      "ci_lo": NaN,
      "ci_hi": NaN
    },
    "calibration_auc": {
      "auc": 0.7754985429404034,
      "ci_lo": 0.6879439493433396,
      "ci_hi": 0.8020964765347894
    },
    "calibration_entropy_auc": {
      "auc": 0.8221244500314269,
      "ci_lo": 0.7212604134179418,
      "ci_hi": 0.8592180802297067
    },
    "s_i_capability": {
      "coef": 17.272967072108404,
      "p": 0.9990992103528142
    }
  }
}