{
  "llama-3.3-70b-instruct": {
    "team_acc_lift": {
      "lift": -0.19333333333333336,
      "ci_lo": -0.23700659609183516,
      "ci_hi": -0.15315865570485931
    },
    "introspection_score": {
      "mcc": 0.14942740258847478,
      "p": 0.0
    },
    "self_acc_lift": {
      "lift": 0.040935672514619825,
      "p": 0.13413714463476795
    },
    "normed_self_acc_lift": {
      "lift": 0.10526315789473671,
      "ci_lo": -0.030075187969924814,
      "ci_hi": 0.22556390977443597
    },
    "single_point_auc": {
      "auc": 0.3027942681092566,
      "ci_lo": 0.11326818962064927,
      "ci_hi": 0.4923203465978639
    },
    "full_auc": {
      "auc": 0.6050871778210959,
      "ci_lo": 0.5451596769954148,
      "ci_hi": 0.6616565255661618
    },
    "calibration_auc": {
      "auc": 0.8016103896103897,
      "ci_lo": 0.7607023767118993,
      "ci_hi": 0.840228955501665
    },
    "calibration_entropy_auc": {
      "auc": 0.8251116883116884,
      "ci_lo": 0.7855116406655032,
      "ci_hi": 0.861798748069874
    },
    "s_i_capability": {
      "coef": -0.7400346942842673,
      "p": 0.0010629713025300715
    }
  }
}