{
  "claude-3-5-sonnet-20241022": {
    "team_acc_lift": {
      "lift": -0.41777777777777775,
      "ci_lo": -0.45070492102847104,
      "ci_hi": -0.37947108964972975
    },
    "introspection_score": {
      "mcc": -0.01937187975171554,
      "p": 0.716
    },
    "self_acc_lift": {
      "lift": -0.021052631578947323,
      "p": 0.7262917659309533
    },
    "normed_self_acc_lift": {
      "lift": -0.05263157894736831,
      "ci_lo": -0.34868421052631576,
      "ci_hi": 0.21052631578947378
    },
    "single_point_auc": {
      "auc": -0.03941395649124202,
      "ci_lo": -0.22801157883727063,
      "ci_hi": 0.1491836658547866
    },
    "full_auc": {
      "auc": 0.5679355474247115,
      "ci_lo": 0.4891715884631431,
      "ci_hi": 0.643663168979239
    },
    "calibration_auc": {
      "auc": 0.7442489711934157,
      "ci_lo": 0.6998303323218832,
      "ci_hi": 0.7878429845283021
    },
    "calibration_entropy_auc": {
      "auc": 0.7429012345679011,
      "ci_lo": 0.6995864055536158,
      "ci_hi": 0.7858195726574915
    },
    "s_i_capability": {
      "coef": 0.16492202621157642,
      "p": 0.5549131177461144
    }
  },
  "claude-opus-4-1-20250805": {
    "team_acc_lift": {
      "lift": -0.10444444444444445,
      "ci_lo": -0.1505610962580164,
      "ci_hi": -0.0596068452590548
    },
    "introspection_score": {
      "mcc": 0.0628959203249834,
      "p": 0.174
    },
    "self_acc_lift": {
      "lift": 0.04282828282828288,
      "p": 0.2819120289413854
    },
    "normed_self_acc_lift": {
      "lift": 0.13572343149807953,
      "ci_lo": -0.10804688269477003,
      "ci_hi": 0.3573328080370334
    },
    "single_point_auc": {
      "auc": 0.1368856409137713,
      "ci_lo": -0.0619227990596217,
      "ci_hi": 0.33569408088716435
    },
    "s_i_capability": {
      "coef": -0.341351301438865,
      "p": 0.1581481622477593
    }
  },
  "claude-sonnet-4-20250514": {
    "team_acc_lift": {
      "lift": 0.07849315068493151,
      "ci_lo": 0.05284847332426984,
      "ci_hi": 0.10404076742964602
    },
    "introspection_score": {
      "mcc": 0.0955281561030691,
      "p": 0.0
    },
    "self_acc_lift": {
      "lift": 0.09650224072720337,
      "p": 6.661164589623854e-05
    },
    "normed_self_acc_lift": {
      "lift": 0.1728751797076281,
      "ci_lo": 0.08974705706517869,
      "ci_hi": 0.2560033023500776
    },
    "single_point_auc": {
      "auc": 0.19187930093365502,
      "ci_lo": 0.08858749818356763,
      "ci_hi": 0.2951711036837424
    },
    "s_i_capability": {
      "coef": -1.4669765037875826,
      "p": 3.575861784826094e-05
    }
  },
  "claude-sonnet-4-5-20250929": {
    "team_acc_lift": {
      "lift": -0.22666666666666663,
      "ci_lo": -0.26464664529358417,
      "ci_hi": -0.18451095740068357
    },
    "introspection_score": {
      "mcc": 0.16174056368322237,
      "p": 0.0
    },
    "self_acc_lift": {
      "lift": 0.35117117117117114,
      "p": 1.793757068071327e-05
    },
    "normed_self_acc_lift": {
      "lift": 0.684099684099684,
      "ci_lo": 0.47349947349947347,
      "ci_hi": 0.8946998946998946
    },
    "single_point_auc": {
      "auc": 0.3339413892843598,
      "ci_lo": 0.14908847553527244,
      "ci_hi": 0.5187943030334472
    },
    "s_i_capability": {
      "coef": -1.2791621891418186,
      "p": 0.0018001014134714334
    }
  },
  "deepseek-chat-v3.1": {
    "team_acc_lift": {
      "lift": -0.00888888888888889,
      "ci_lo": -0.05507923098121714,
      "ci_hi": 0.03730145320343936
    },
    "introspection_score": {
      "mcc": 0.014671022977143325,
      "p": 0.747
    },
    "self_acc_lift": {
      "lift": -0.08695652173913043,
      "p": 0.3019956131896606
    },
    "normed_self_acc_lift": {
      "lift": -0.17391304347826086,
      "ci_lo": -0.4347826086956522,
      "ci_hi": 0.08695652173913038
    },
    "single_point_auc": {
      "auc": 0.029348548322734258,
      "ci_lo": -0.1554386282572228,
      "ci_hi": 0.2141357249026913
    },
    "full_auc": {
      "auc": 0.6821997417133018,
      "ci_lo": 0.5898972904165595,
      "ci_hi": 0.7672845302784753
    },
    "calibration_auc": {
      "auc": 0.6670617283950617,
      "ci_lo": 0.6188439371349379,
      "ci_hi": 0.714113517361597
    },
    "calibration_entropy_auc": {
      "auc": 0.665837037037037,
      "ci_lo": 0.6170402259959855,
      "ci_hi": 0.7126207982076052
    },
    "s_i_capability": {
      "coef": -0.2605350523260597,
      "p": 0.43103311183877835
    }
  },
  "deepseek-chat": {
    "team_acc_lift": {
      "lift": -0.11333333333333334,
      "ci_lo": -0.1565542402260257,
      "ci_hi": -0.06785527474384878
    },
    "introspection_score": {
      "mcc": 0.16911628479040297,
      "p": 0.0
    },
    "self_acc_lift": {
      "lift": 0.2571428571428572,
      "p": 4.0490841357773457e-05
    },
    "normed_self_acc_lift": {
      "lift": 0.5031055900621119,
      "ci_lo": 0.2857142857142857,
      "ci_hi": 0.68944099378882
    },
    "single_point_auc": {
      "auc": 0.34423671743366524,
      "ci_lo": 0.15940389748470776,
      "ci_hi": 0.5290695373826227
    },
    "full_auc": {
      "auc": 0.7547680570936385,
      "ci_lo": 0.6815719110610752,
      "ci_hi": 0.8205593750745156
    },
    "calibration_auc": {
      "auc": 0.6520158102766799,
      "ci_lo": 0.6021690456249553,
      "ci_hi": 0.7024287252680407
    },
    "calibration_entropy_auc": {
      "auc": 0.6538537549407115,
      "ci_lo": 0.6041363293345637,
      "ci_hi": 0.7034692404990947
    },
    "s_i_capability": {
      "coef": -1.0149352453128675,
      "p": 0.0009363406280990735
    }
  },
  "deepseek-r1": {
    "team_acc_lift": {
      "lift": -0.022222222222222143,
      "ci_lo": -0.06840659635187574,
      "ci_hi": 0.022984052838821545
    },
    "introspection_score": {
      "mcc": 0.07555092576100998,
      "p": 0.109
    },
    "self_acc_lift": {
      "lift": 0.0424489795918368,
      "p": 0.2471131037103223
    },
    "normed_self_acc_lift": {
      "lift": 0.10106899902818285,
      "ci_lo": -0.06899902818270168,
      "ci_hi": 0.25898931000971837
    },
    "single_point_auc": {
      "auc": 0.15348948103791793,
      "ci_lo": -0.033709375729293584,
      "ci_hi": 0.3406883378051294
    },
    "s_i_capability": {
      "coef": -0.3754652500414746,
      "p": 0.07780222686170209
    }
  },
  "ft:gpt-4.1-2025-04-14:personal:garupanese-41-f2e:Ca6CxgOU": {
    "team_acc_lift": {
      "lift": -0.053333333333333344,
      "ci_lo": -0.09548904259931634,
      "ci_hi": -0.015353354706415856
    },
    "introspection_score": {
      "mcc": 0.14495506395008645,
      "p": 0.003
    },
    "self_acc_lift": {
      "lift": 0.1236714975845411,
      "p": 0.008801225430589532
    },
    "normed_self_acc_lift": {
      "lift": 0.2529644268774704,
      "ci_lo": 0.07509881422924898,
      "ci_hi": 0.4308300395256919
    },
    "single_point_auc": {
      "auc": 0.2925611734443323,
      "ci_lo": 0.10772835349537482,
      "ci_hi": 0.4773939933932898
    },
    "full_auc": {
      "auc": 0.6801038286826736,
      "ci_lo": 0.6197008721748305,
      "ci_hi": 0.7386329113179223
    },
    "calibration_auc": {
      "auc": 0.6831422924901185,
      "ci_lo": 0.631197342130215,
      "ci_hi": 0.7313914035163447
    },
    "calibration_entropy_auc": {
      "auc": 0.6916106719367588,
      "ci_lo": 0.6396197089947091,
      "ci_hi": 0.7392230223644697
    },
    "s_i_capability": {
      "coef": -0.7425723662703306,
      "p": 0.00233688185834757
    }
  },
  "gemini-2.5-flash_nothink": {
    "team_acc_lift": {
      "lift": -0.01777777777777778,
      "ci_lo": -0.06379700335639327,
      "ci_hi": 0.028203828605891212
    },
    "introspection_score": {
      "mcc": 0.00864260465319135,
      "p": 0.848
    },
    "self_acc_lift": {
      "lift": 0.002100122100122115,
      "p": 0.9582152750592978
    },
    "normed_self_acc_lift": {
      "lift": 0.004276266719705663,
      "ci_lo": -0.09655474615881839,
      "ci_hi": 0.11056138431704052
    },